mean_diff_sl_minus_non,p_perm,n_sl,n_non
0.09804106681067469,0.0003332222592469177,244,11762
