graph,C_er,L_er,sigma
G_base_exclusive_removed,0.00016159909463257785,10.560813053011536,4.203614667991669
G_SL_full,0.00016259859488245294,10.406743152174752,11.255485009832334
