n_nodes,mean_uplift,median_uplift,p90_uplift,gini_uplift,sl_share_nodes
12691,58.991497130364316,55.29,82.10025062656642,0.15013314563688132,0.019698999290836027
